{
  "mcpServers": {
    "slack": {
      "type": "http",
      "url": "https://mcp.slack.com/mcp"
    },
    "atlassian": {
      "type": "http",
      "url": "https://mcp.atlassian.com/v1/mcp"
    },
    "linear": {
      "type": "http",
      "url": "https://mcp.linear.app/mcp"
    },
    "notion": {
      "type": "http",
      "url": "https://mcp.notion.com/mcp"
    },
    "figma": {
      "type": "http",
      "url": "https://mcp.figma.com/mcp"
    },
    "amplitude": {
      "type": "http",
      "url": "https://mcp.amplitude.com/mcp"
    },
    "intercom": {
      "type": "http",
      "url": "https://mcp.intercom.com/mcp"
    },
    "fireflies": {
      "type": "http",
      "url": "https://api.fireflies.ai/mcp"
    },
    "ms365": {
      "type": "http",
      "url": "https://microsoft365.mcp.claude.com/mcp"
    },
    "asana": {
      "type": "http",
      "url": "https://mcp.asana.com/mcp"
    },
    "monday": {
      "type": "http",
      "url": "https://mcp.monday.com/mcp"
    }
  }
}
